seed,standardized,kmeans,fixed_h1,fixed_h1_iter,fixed_h1_status,meanV,meanV_h,adaptive_response,adaptive_h_final,adaptive_iter,adaptive_status,adaptive_cycle_period,adaptive_h_unique,frozen_response,frozen_h,frozen_iter,frozen_status,frozen_cycle_period,clusterwise_response,clusterwise_h,clusterwise_iter,clusterwise_status,clusterwise_cycle_period,oracle_grid,oracle_h,plateau_h_low,plateau_h_high,plateau_factor,adaptive_in_plateau,frozen_in_plateau,frozen_plateau_log_position
1729,0,0.8573460950534583,0.9751144447223871,2,converged,0.9627563137052375,1.8769219847859537,0.970936556762434,0.792275943825575,3,converged,0,2,0.970936556762434,0.7283826867309402,3,converged,0,0.9220346744919238,0.937368121758;0.174410680345;0.669642114549,10,cycle,3,0.9751144447223871,0.9776166903168593,0.6983951048963124,1.4885138617073084,2.131334900934481,1,1,0.055555555555555754
1730,0,0.8789051599017446,0.9627730697252741,3,converged,0.950741929756685,1.8756670102498265,0.9709967248454177,0.792275943825575,2,converged,0,2,0.9709967248454177,0.7596578707523303,2,converged,0,0.9219535690184603,0.642072887444;0.977616690317;0.047376374261,4,converged,0,0.9792744890171399,0.5902927868477004,0.47838255981657885,0.669642114548647,1.3998046141259848,0,0,1.3749999999999993
1731,0,0.8064761475057486,0.9792750936984972,3,converged,0.9547114813455423,1.8745463642433533,0.9875261750660476,0.792275943825575,2,converged,0,2,0.9875261750660476,0.6983951048963124,2,converged,0,0.811291537355168,0.977616690317;0.669642114549;0.0560525701971,22,cycle,9,0.9875261750660476,0.669642114548647,0.669642114548647,0.861773876012754,1.2869170819604259,1,1,0.1666666666666649
1732,0,0.8387159728766416,0.975070414152844,3,converged,0.9586140153194159,1.8757733343085872,0.9833653318570948,0.792275943825575,2,converged,0,2,0.9833653318570948,0.6983951048963124,2,converged,0,0.94236172786713,0.119466799148;0.642072887444;0.977616690317,20,cycle,5,0.9834263130645897,0.5902927868477004,0.47838255981657885,0.9373681217582767,1.959452957728396,1,1,0.5624999999999998
1733,0,0.8033708703441432,0.9427701289893924,3,converged,0.9150491784585857,1.8691395432580125,0.9628242090243652,0.792275943825575,3,converged,0,2,0.9668886041078587,0.7283826867309402,4,converged,0,0.9107026174211422,0.669642114549;0.977616690317;0.0435556967756,9,converged,0,0.9792225042603023,0.5902927868477004,0.5902927868477004,0.669642114548647,1.1344236783320534,0,0,1.666666666666664
1734,0,0.8523348572794782,0.9792750936984972,2,converged,0.9668995296678949,1.8769061378888405,0.9834006349494748,0.792275943825575,3,converged,0,2,0.9916782407407407,0.7283826867309402,2,converged,0,0.8936508790417116,0.015879714993;0.937368121758;0.669642114549,8,cycle,4,0.9958304277669653,0.4989232767548629,0.47838255981657885,0.7283826867309402,1.5225945674320072,0,1,1.0
1735,0,0.8249025076204883,0.9669167441910745,3,converged,0.9507179776367635,1.875550676813123,0.9916521995033772,0.792275943825575,2,converged,0,2,0.9916521995033772,0.7283826867309402,2,converged,0,0.9505152646501125,0.669642114549;0.206351099164;0.977616690317,11,cycle,3,0.9916521995033772,0.6983951048963124,0.6420728874435022,0.861773876012754,1.3421745301285346,1,1,0.42857142857142816
1736,0,0.8152608010235692,0.9792225042603023,3,converged,0.9750971814607139,1.875011983251716,0.9833653318570948,0.792275943825575,3,converged,0,2,0.9792480726607048,0.6983951048963124,2,converged,0,0.8035599472638321,0.0187878210024;0.642072887444;0.977616690317,16,cycle,5,0.9875263206441901,0.6420728874435022,0.6420728874435022,0.669642114548647,1.0429378465347061,0,0,1.999999999999983
1737,0,0.8240752252632272,0.9750971814607139,2,converged,0.9267460847949386,1.8757265097450966,0.9875261750660476,0.792275943825575,2,converged,0,2,0.9875261750660476,0.7283826867309402,2,converged,0,0.7991984539288627,0.642072887444;0.0968177732526;0.977616690317,8,cycle,2,0.9875438025130311,0.45868750607341185,0.43980329949426955,0.861773876012754,1.959452957728396,1,1,0.7499999999999999
1738,0,0.8988594389423016,0.966968388965961,3,converged,0.9547958704828867,1.8772850316672185,0.9751481017540585,0.792275943825575,2,converged,0,2,0.979256595759245,0.7596578707523303,3,converged,0,0.9300558929211059,0.977616690317;0.174410680345;0.669642114549,10,cycle,2,0.9875261750660476,0.5902927868477004,0.5426885031570269,0.7283826867309402,1.3421745301285344,0,0,1.1428571428571437
1739,0,0.8686587176680529,0.9709199967154877,3,converged,0.9504873809300537,1.8762828968758276,0.9791706422597665,0.792275943825575,3,converged,0,2,0.9833222463396819,0.7283826867309402,2,converged,0,0.9224186938826988,0.642072887444;0.181899499372;0.937368121758,18,cycle,6,0.9833222463396819,0.6983951048963124,0.5659903788217326,0.8262945667146969,1.459909209825899,1,1,0.6666666666666665
1740,0,0.8260351950240408,0.9792047313461062,2,converged,0.9668209052696648,1.8758479008276272,0.9875000974583775,0.792275943825575,2,converged,0,2,0.9875000974583775,0.7283826867309402,2,converged,0,0.8299637401422088,0.642072887444;0.0537448807553;0.977616690317,15,cycle,8,0.9875000974583775,0.5659903788217326,0.520345967844756,0.9776166903168593,1.878782100236297,1,1,0.5333333333333329
1741,0,0.8180109719637663,0.9834006349494748,2,converged,0.9669167441910745,1.8767104121602438,0.9916783378622624,0.792275943825575,2,converged,0,2,0.9916783378622624,0.7283826867309402,2,converged,0,0.9752462367751644,0.977616690317;1.31213222197;0.669642114549,3,converged,0,0.9916783378622624,0.6983951048963124,0.5902927868477004,0.9776166903168593,1.6561555758415376,1,1,0.41666666666666613
1742,0,0.8518132709276545,0.9628272457221358,3,converged,0.9426481187169538,1.8746721156571056,0.9792225042603023,0.792275943825575,2,converged,0,2,0.9792225042603023,0.7283826867309402,2,converged,0,0.9958304277669653,0.669642114549;1.31213222197;0.977616690317,7,converged,0,0.9958304277669653,0.6156386879399105,0.5426885031570269,0.669642114548647,1.2339345879875514,0,0,1.3999999999999977
1743,0,0.8415264051400109,0.9750449560460911,2,converged,0.9545794843862737,1.8789605935578255,0.9792047313461062,0.792275943825575,3,converged,0,2,0.9916695602776322,0.7283826867309402,2,converged,0,0.8107909051804114,0.0752323320669;0.937368121758;0.642072887444,6,converged,0,0.9916695602776322,0.6420728874435022,0.5902927868477004,0.7596578707523303,1.2869170819604259,0,1,0.8333333333333323
1744,0,0.8196246700626066,0.9628532479276593,3,converged,0.9546794243967207,1.8750766877420766,0.9792225042603023,0.792275943825575,3,converged,0,2,0.9751135734275922,0.6983951048963124,3,converged,0,0.9342812182669963,0.642072887444;0.197855605537;0.937368121758,9,cycle,2,0.9875261750660476,0.47838255981657885,0.45868750607341185,0.669642114548647,1.459909209825899,0,0,1.1111111111111098
1745,0,0.8519003750257929,0.9710930643312513,2,converged,0.9589106595771958,1.8744023123149631,0.9834001506287179,0.792275943825575,3,converged,0,2,0.9875261022757021,0.7283826867309402,2,converged,0,0.983426893328434,1.31213222197;0.977616690317;0.669642114549,5,converged,0,0.9958304277669653,0.5659903788217326,0.5426885031570269,0.6420728874435022,1.1831333881376118,0,0,1.7499999999999991
1746,0,0.8599251969345056,0.9792139817585612,3,converged,0.95484294295553,1.8791286217670173,0.9874915022789261,0.792275943825575,2,converged,0,2,0.9874915022789261,0.7283826867309402,2,converged,0,0.9342081369338989,0.224452083812;0.669642114549;0.937368121758,29,cycle,20,0.9874915022789261,0.7283826867309402,0.669642114548647,0.9373681217582767,1.399804614125984,1,1,0.2499999999999993
1747,0,0.8750066847671019,0.9750791913268728,2,converged,0.9424004435169516,1.8734137907207054,0.9792047313461062,0.792275943825575,3,converged,0,2,0.9833479224712833,0.7596578707523303,3,converged,0,0.8036228587425552,0.937368121758;0.669642114549;0.0853453388728,8,converged,0,0.9916782407407407,0.669642114548647,0.6420728874435022,0.7283826867309402,1.1344236783320532,0,0,1.3333333333333355
1748,0,0.8023224335569166,0.958715809740708,3,converged,0.9506623089030556,1.8787602055742312,0.9751742882669169,0.792275943825575,2,converged,0,2,0.9751742882669169,0.7283826867309402,2,converged,0,0.8151834335410404,0.0609694653179;0.977616690317;0.642072887444,20,cycle,5,0.9792743680766341,0.669642114548647,0.5426885031570269,0.792275943825575,1.459909209825899,1,1,0.777777777777778
1749,0,0.8283402163511165,0.9834006349494748,3,converged,0.975176026559507,1.8767600775873379,0.9875261022757021,0.792275943825575,2,converged,0,2,0.9875261022757021,0.7283826867309402,2,converged,0,0.8040033083528131,0.0145990920983;0.669642114549;0.977616690317,16,cycle,4,0.9875263206441901,0.792275943825575,0.669642114548647,0.9776166903168593,1.4599092098258988,1,1,0.22222222222222143
1750,0,0.8409659533583939,0.954780047175925,3,converged,0.9384575641159643,1.8739747703759744,0.9750971814607139,0.792275943825575,2,converged,0,2,0.9709970633247595,0.7283826867309402,3,converged,0,0.9026007690961786,0.977616690317;0.0609694653179;0.669642114549,8,converged,0,0.9875000974583775,0.6156386879399105,0.5902927868477004,0.6420728874435022,1.0877193517344494,0,0,2.500000000000004
1751,0,0.8239927679508131,0.9668987571113438,3,converged,0.9465370547876998,1.8748063582383299,0.9875000974583775,0.792275943825575,2,converged,0,2,0.9875000974583775,0.7283826867309402,2,converged,0,0.975176026559507,1.31213222197;0.669642114549;0.977616690317,7,cycle,2,0.9875263206441901,0.5426885031570269,0.45868750607341185,0.7596578707523303,1.6561555758415378,0,1,0.9166666666666663
1752,0,0.8212837655470869,0.9875263206441901,3,converged,0.9834006349494748,1.876745692775903,0.9958304277669653,0.792275943825575,3,converged,0,2,0.9916695602776322,0.6983951048963124,3,converged,0,0.946375706645938,0.1145483401;0.977616690317;0.669642114549,18,cycle,2,0.9958304277669653,0.7283826867309402,0.6983951048963124,0.8262945667146969,1.1831333881376118,1,1,0.0
1753,0,0.8571485347720156,0.9668279639164103,2,converged,0.9586306985372737,1.8782395441221753,0.9750970361492652,0.792275943825575,3,converged,0,2,0.9709980787153847,0.7283826867309402,2,converged,0,0.816881367302777,0.642072887444;0.977616690317;0.0853453388728,7,converged,0,0.9750970361492652,0.792275943825575,0.7283826867309402,0.792275943825575,1.0877193517344497,1,1,0.0
1754,0,0.840977485428234,0.9834003443604121,2,converged,0.9792744890171399,1.877658534581195,0.9916695602776322,0.792275943825575,3,converged,0,2,0.9875000974583775,0.7283826867309402,2,converged,0,0.9263659213643745,0.669642114549;0.977616690317;0.0663176672912,21,cycle,5,0.9916696088891888,0.6156386879399105,0.5902927868477004,0.8262945667146969,1.399804614125984,1,1,0.6249999999999996
1755,0,0.867286640822982,0.9548374099864582,3,converged,0.9469777764539637,1.8788015369151398,0.975200619340752,0.792275943825575,4,converged,0,2,0.9792914147340511,0.7596578707523303,3,converged,0,0.7804929411335811,0.0262992785285;0.977616690317;0.642072887444,25,cycle,9,0.9834001506287179,0.6156386879399105,0.520345967844756,0.7596578707523303,1.459909209825899,0,1,1.0
1756,0,0.8633715981041102,0.9750787550623282,2,converged,0.970996047863032,1.8768322562924864,0.9792047313461062,0.792275943825575,3,converged,0,2,0.9792047313461062,0.7596578707523303,3,converged,0,0.8740046638636906,0.642072887444;0.898776590449;0.0560525701971,24,cycle,12,0.9875261750660476,0.5902927868477004,0.4989232767548629,0.7283826867309402,1.459909209825899,0,0,1.1111111111111118
1757,0,0.840893291312224,0.9875438025130311,2,converged,0.9751140090826159,1.8777379324247596,0.987508692788299,0.792275943825575,2,converged,0,2,0.987508692788299,0.7283826867309402,2,converged,0,0.9586679255131725,0.669642114549;1.31213222197;0.977616690317,3,converged,0,0.9916783378622624,0.861773876012754,0.7283826867309402,1.0633725926362316,1.4599092098258981,1,1,0.0
1758,0,0.8709468588765077,0.9751672500521065,2,converged,0.9670049376100719,1.8777124941224814,0.9916783378622624,0.792275943825575,2,converged,0,2,0.9916783378622624,0.7283826867309402,2,converged,0,0.9182780729819751,0.206351099164;0.01;0.642072887444,22,cycle,2,1.0,0.4989232767548629,0.47838255981657885,0.669642114548647,1.3998046141259848,0,0,1.2499999999999987
1729,1,0.8709317091775314,0.9545674681776901,3,converged,0.9668465332203809,0.7463660805083401,0.958673132575224,0.3276796643221589,2,converged,0,2,0.958673132575224,0.3141890625706187,2,converged,0,0.862584413890365,0.276959189562;0.404335271587;0.0262992785285,6,converged,0,0.9668465332203809,0.7283826867309402,0.3417495234613678,0.9373681217582767,2.7428512913910152,0,0,-0.0833333333333332
1730,1,0.8945090578415492,0.9345756043299684,2,converged,0.9426718892927164,0.7457936350950347,0.9628242090243652,0.3276796643221589,2,converged,0,2,0.9628242090243652,0.3141890625706187,2,converged,0,0.9627739385720712,0.439803299494;0.276959189562;0.404335271587,3,converged,0,0.975176026559507,0.25462375852761865,0.24414087509973725,0.27695918956185034,1.1344236783320534,0,0,2.0
1731,1,0.8669201627704008,0.9426420961687989,3,converged,0.9466515953018515,0.7446265548067289,0.9833655259951481,0.3276796643221589,2,converged,0,2,0.9792485570322557,0.3012538701271144,3,converged,0,0.9630387181813574,0.404335271587;0.276959189562;0.439803299494,3,converged,0,0.9875261750660476,0.371727570114956,0.3141890625706187,0.43980329949426955,1.3998046141259841,1,0,-0.12500000000000053
1732,1,0.8522082517949001,0.9504856476031915,4,converged,0.9545425510539692,0.7458363924284646,0.9751137186476282,0.3276796643221589,2,converged,0,2,0.9751137186476282,0.3012538701271144,2,converged,0,0.8549717183366452,0.404335271587;0.0222284983182;0.276959189562,19,cycle,9,0.9834006349494748,0.25462375852761865,0.23408957294140437,0.2655567543953674,1.1344236783320532,0,0,2.0000000000000036
1733,1,0.8512105064707586,0.9071320017755974,5,converged,0.9188125763267595,0.7435054560347282,0.9628233413053,0.3276796643221589,2,converged,0,2,0.9668886041078587,0.3012538701271144,3,converged,0,0.9063095195955584,0.404335271587;0.0145990920983;0.276959189562,12,converged,0,0.9710241063524229,0.2655567543953674,0.2655567543953674,0.27695918956185034,1.0429378465347061,0,0,2.9999999999999787
1734,1,0.8673457244785817,0.954541490144396,4,converged,0.9668995296678949,0.746804033608445,0.9792743680766341,0.3276796643221589,4,converged,0,2,0.9833566757245249,0.3012538701271144,2,converged,0,0.9792229892159119,0.439803299494;0.276959189562;0.404335271587,2,converged,0,0.9875438025130311,0.3564235120530609,0.3564235120530609,0.371727570114956,1.0429378465347057,0,0,-4.000000000000016
1735,1,0.8437606836614252,0.9263682763463154,3,converged,0.9587728464520415,0.7456996290683271,0.9875000974583775,0.3276796643221589,3,converged,0,2,0.9833655259951481,0.3012538701271144,3,converged,0,0.9667602692089642,0.28885122074;0.404335271587;0.439803299494,3,converged,0,0.9916521995033772,0.3417495234613678,0.3141890625706187,0.3564235120530609,1.1344236783320534,1,0,-0.3333333333333351
1736,1,0.8210572500104641,0.9627382537979655,4,converged,0.9668455659503178,0.744505279082202,0.9751137186476282,0.3276796643221589,2,converged,0,2,0.9792225042603023,0.3012538701271144,3,converged,0,0.878348298675805,0.276959189562;0.01;0.404335271587,21,cycle,4,0.9792225042603023,0.3012538701271144,0.27695918956185034,0.3564235120530609,1.2869170819604259,1,1,0.33333333333333304
1737,1,0.8440063838672728,0.930687740073501,4,converged,0.9386421868752055,0.745705451336927,0.9833914943945573,0.3276796643221589,2,converged,0,2,0.9833914943945573,0.3012538701271144,2,converged,0,0.866839715551702,0.0338449907815;0.276959189562;0.404335271587,6,converged,0,0.9833914943945573,0.2655567543953674,0.25462375852761865,0.3564235120530609,1.3998046141259837,1,1,0.49999999999999967
1738,1,0.8750891567985525,0.9549203446137412,2,converged,0.9549161362808496,0.7454364930087962,0.9875261750660476,0.3276796643221589,3,converged,0,2,0.9875261750660476,0.3141890625706187,3,converged,0,0.9222125144107494,0.0663176672912;0.404335271587;0.276959189562,14,cycle,2,0.9875261750660476,0.3012538701271144,0.25462375852761865,0.3276796643221589,1.286917081960425,1,1,0.8333333333333349
1739,1,0.8553211477812497,0.93425767445267,3,converged,0.950414283519219,0.7458075238225806,0.9708936300192816,0.3276796643221589,3,converged,0,2,0.9750449560460911,0.3012538701271144,2,converged,0,0.9425617536256048,0.404335271587;0.0139980461413;0.276959189562,4,converged,0,0.9750449560460911,0.3012538701271144,0.2888512207396335,0.3564235120530609,1.2339345879875514,1,1,0.20000000000000062
1740,1,0.8591658006064078,0.9668209052696648,3,converged,0.9668209052696648,0.7462979745245355,0.9875000974583775,0.3276796643221589,2,converged,0,2,0.9833653318570948,0.3012538701271144,3,converged,0,0.8510768415859409,0.276959189562;0.025216534826;0.404335271587,8,cycle,2,0.9875000974583775,0.3141890625706187,0.27695918956185034,0.43980329949426955,1.5879714993029794,1,1,0.1818181818181816
1741,1,0.8627880397832182,0.9670049376100719,4,converged,0.9710771746769115,0.7464121750103687,0.9833481168125162,0.3276796643221589,3,converged,0,2,0.9751140090826159,0.3012538701271144,3,converged,0,0.9630387181813574,0.404335271587;0.439803299494;0.276959189562,3,converged,0,0.9875438025130311,0.42169655742724466,0.4043352715872623,0.47838255981657885,1.1831333881376112,0,0,-1.7500000000000033
1742,1,0.8549148063497873,0.9385065421377591,3,converged,0.9426481187169538,0.7453682491288092,0.9833482139814316,0.3276796643221589,3,converged,0,2,0.9916521995033772,0.3012538701271144,4,converged,0,0.9833481168125162,0.276959189562;0.404335271587;0.439803299494,6,converged,0,0.9916521995033772,0.3012538701271144,0.27695918956185034,0.3012538701271144,1.0877193517344497,0,1,1.0
1743,1,0.8398660615387755,0.9425058755757315,3,converged,0.9465233926501698,0.7465757826388162,0.9833914943945573,0.3276796643221589,3,converged,0,2,0.9792744890171399,0.3012538701271144,2,converged,0,0.9668612341077761,0.276959189562;0.404335271587;0.01,6,converged,0,0.9833914943945573,0.3141890625706187,0.27695918956185034,0.3564235120530609,1.2869170819604259,1,1,0.33333333333333304
1744,1,0.8520636000807807,0.9424047440557816,3,converged,0.9546443446408022,0.7449367921239628,0.9709872585451058,0.3276796643221589,3,converged,0,2,0.9751046509268522,0.3012538701271144,3,converged,0,0.9668201308712624,0.276959189562;0.439803299494;0.404335271587,8,converged,0,0.9752023557744461,0.19785560553733372,0.19785560553733372,0.3276796643221589,1.6561555758415367,1,1,0.8333333333333338
1745,1,0.866979374236304,0.962930390294603,2,converged,0.962930390294603,0.7451790608154352,0.9875000974583775,0.3276796643221589,2,converged,0,2,0.9875000974583775,0.3012538701271144,2,converged,0,0.9668359908946703,0.276959189562;0.404335271587;0.01,9,converged,0,0.9875263206441901,0.24414087509973725,0.24414087509973725,0.3564235120530609,1.4599092098258988,1,1,0.5555555555555555
1746,1,0.8906268101146189,0.9426310502779461,3,converged,0.9508249890840712,0.7470150659996219,0.9709368959350543,0.3276796643221589,2,converged,0,2,0.9709368959350543,0.3012538701271144,2,converged,0,0.9585634856534458,0.439803299494;0.404335271587;0.276959189562,4,converged,0,0.9833222463396819,0.3564235120530609,0.3564235120530609,0.45868750607341185,1.286917081960426,0,0,-0.6666666666666661
1747,1,0.8704941265998941,0.9343479939532705,2,converged,0.9546303783967341,0.745784189168104,0.9751135734275922,0.3276796643221589,3,converged,0,2,0.9751662357162306,0.3012538701271144,3,converged,0,0.8945182906739363,0.276959189562;0.404335271587;0.0213133490093,10,converged,0,0.9792047313461062,0.3876887514732712,0.3876887514732712,0.3876887514732712,1.0,0,0,nan
1748,1,0.8406028945484751,0.9143347913147711,4,converged,0.9105235814210046,0.745796843951295,0.9710930643312513,0.3276796643221589,3,converged,0,2,0.9629828292604673,0.3012538701271144,3,converged,0,0.9507327957675217,0.404335271587;0.276959189562;0.458687506073,3,converged,0,0.9710930643312513,0.3141890625706187,0.3141890625706187,0.3417495234613678,1.0877193517344497,1,0,-0.5000000000000027
1749,1,0.8556570948716717,0.9505261342791856,2,converged,0.9710758245347613,0.7461915544425646,0.9710930643312513,0.3276796643221589,3,converged,0,2,0.9669253515279974,0.3012538701271144,3,converged,0,0.9668224539580307,0.276959189562;0.439803299494;0.404335271587,2,converged,0,0.9834006349494748,0.3876887514732712,0.3417495234613678,0.5659903788217326,1.6561555758415376,0,0,-0.25000000000000006
1750,1,0.8250448099733391,0.9263852478406446,3,converged,0.9386663890079785,0.7444065218333031,0.9709967248454177,0.3276796643221589,2,converged,0,2,0.9709970633247595,0.3012538701271144,3,converged,0,0.9550196162425167,0.404335271587;0.439803299494;0.276959189562,5,converged,0,0.9751492618686307,0.2655567543953674,0.25462375852761865,0.4043352715872623,1.587971499302979,1,1,0.3636363636363632
1751,1,0.8519972886576792,0.9263968677316688,2,converged,0.9383039526924961,0.7440907626922052,0.9709980787153847,0.3276796643221589,3,converged,0,2,0.9709980787153847,0.3141890625706187,3,converged,0,0.9424460818361049,0.387688751473;0.276959189562;0.0818316634652,17,cycle,7,0.9751672500521065,0.27695918956185034,0.23408957294140437,0.3417495234613678,1.459909209825899,1,1,0.7777777777777781
1752,1,0.8638715461188816,0.9751492618686307,4,converged,0.9792485570322557,0.746404804528345,0.9875261750660476,0.3276796643221589,2,converged,0,2,0.9833914943945573,0.3012538701271144,3,converged,0,0.9750707050906697,0.439803299494;0.276959189562;0.404335271587,4,converged,0,0.9875263206441901,0.25462375852761865,0.19785560553733372,0.42169655742724466,2.1313349009344797,1,1,0.5555555555555556
1753,1,0.8837675912473218,0.9544729244808181,3,converged,0.9544729244808181,0.7461582334366452,0.9669169372252613,0.3276796643221589,3,converged,0,2,0.9587539961313982,0.3012538701271144,2,converged,0,0.8521529160128293,0.404335271587;0.0338449907815;0.276959189562,6,converged,0,0.9669169372252613,0.3276796643221589,0.3141890625706187,0.4043352715872623,1.286917081960426,1,0,-0.16666666666666732
1754,1,0.8866969629759218,0.958767794561017,2,converged,0.9751751574436417,0.746862094449162,0.9875000974583775,0.3276796643221589,3,converged,0,2,0.9833655259951481,0.3012538701271144,2,converged,0,0.9627236733992246,0.276959189562;0.439803299494;0.404335271587,14,converged,0,0.9875000974583775,0.3141890625706187,0.2888512207396335,0.371727570114956,1.2869170819604259,1,1,0.16666666666666732
1755,1,0.8673194097870748,0.9428365516356865,3,converged,0.9428365516356865,0.7472879651279801,0.9792917772592661,0.3276796643221589,2,converged,0,2,0.9792917772592661,0.3012538701271144,2,converged,0,0.8426512113835697,0.276959189562;0.0286062341921;0.404335271587,20,converged,0,0.9792917772592661,0.25462375852761865,0.23408957294140437,0.3417495234613678,1.459909209825899,1,1,0.6666666666666666
1756,1,0.9141481187764396,0.9586702386715714,3,converged,0.9668444051517369,0.7466357008720542,0.9709358783934434,0.3276796643221589,4,converged,0,2,0.9792225042603023,0.3141890625706187,2,converged,0,0.9586426600952402,0.276959189562;0.439803299494;0.404335271587,5,converged,0,0.9792225042603023,0.2244520838122779,0.2152113709920956,0.3141890625706187,1.4599092098258988,0,1,1.0
1757,1,0.8786623293092021,0.9670290282634685,2,converged,0.9710677111794533,0.7470287607231856,0.9792222617740078,0.3276796643221589,2,converged,0,2,0.9792222617740078,0.3012538701271144,2,converged,0,0.9504258537962056,0.439803299494;0.276959189562;0.404335271587,3,converged,0,0.9916695602776322,0.3564235120530609,0.3417495234613678,0.371727570114956,1.0877193517344494,0,0,-1.5000000000000047
1758,1,0.8516102341199536,0.9508206856908261,4,converged,0.9548571875604426,0.7463256204754906,0.9916783378622624,0.3276796643221589,2,converged,0,2,0.9916783378622624,0.3012538701271144,2,converged,0,0.8544367613603463,0.025216534826;0.387688751473;0.276959189562,11,converged,0,0.9958304277669653,0.2655567543953674,0.24414087509973725,0.371727570114956,1.5225945674320067,1,1,0.5000000000000001
