cluster,spectrum,g_relevant,g_irrelevant,delta_prescribed,xstar_analytic,hstar_analytic,hstar_numeric,relative_hstar_error,mean_relevant,mean_irrelevant,variance_ratio,gap,band_separation
1,prescribed,2,10,2.0701,3.12546374896,0.662333709899,0.661421511133,-0.00137724949176,0.0324,2.1025,64.8919753086,2.0701,2.0701e+12
1,true_partition,2,10,2.0701,3.12546374896,0.662333709899,0.661421511133,-0.00137724949176,0.0324,2.1025,64.8919753086,2.0701,2.0701e+12
1,kmeans_partition,2,10,2.0701,3.12546374896,0.662333709899,0.634283130578,-0.0423511273871,0.149544540846,2.12924418985,14.2381940378,1.86415275874,40.6780379324
2,prescribed,4,8,2.5781,2.65465797246,0.971160890308,0.969413574542,-0.00179920318419,0.1444,2.7225,18.8538781163,2.5781,2.5781e+12
2,true_partition,4,8,2.5781,2.65465797246,0.971160890308,0.969413574542,-0.00179920318419,0.1444,2.7225,18.8538781163,2.5781,2.5781e+12
2,kmeans_partition,4,8,2.5781,2.65465797246,0.971160890308,0.0174601790445,-0.982021332182,0.343881405746,2.63656098519,7.66706469477,2.0362819242,26.0190933607
3,prescribed,6,6,3.1875,2.39935728052,1.32848076686,1.32731118124,-0.000880393346143,0.4225,3.61,8.54437869822,3.1875,3.1875e+12
3,true_partition,6,6,3.1875,2.39935728052,1.32848076686,1.32731118124,-0.000880393346143,0.4225,3.61,8.54437869822,3.1875,3.1875e+12
3,kmeans_partition,6,6,3.1875,2.39935728052,1.32848076686,0.0221002117546,-0.983364296792,0.470580472375,3.33972835623,7.09703983119,2.63395411201,32.8715645286
